employee_id,employee_name,age,department_id
124,A124,21,1
125,A125,55,2
126,A126,41,3
127,A127,24,4
128,A128,85,8
129,A129,63,7
130,A130,60,6
131,A131,33,9
132,A132,56,10
133,A133,47,11
134,A134,41,14
135,A135,35,12
136,A136,36,13
137,A137,48,16
138,A138,40,14
139,A139,30,17
140,A140,29,18
141,A141,27,19
142,A142,43,20
143,A143,42,2
144,A144,54,5
145,A145,62,6
146,A146,74,9
147,A147,47,7
148,A148,70,8
149,A149,60,3
150,A150,20,13
151,A151,25,12
152,A152,22,11
153,A153,48,10
154,A154,76,5
155,A155,52,9
156,A156,57,7
157,A157,50,3
158,A158,39,8
159,A159,37,18
160,A160,36,19
161,A161,31,14
162,A162,38,12
163,A163,46,13
164,A164,49,2
165,A165,47,6
166,A166,51,4
167,A167,52,8
168,A168,57,7
169,A169,27,6
170,A170,28,3
171,A171,21,1
172,A172,41,2
173,A173,16,1
174,A174,49,5
175,A175,55,15
176,A176,59,14
177,A177,63,17
178,A178,39,20
179,A179,49,20
180,A180,81,6
181,A181,36,15
182,A182,37,16
183,A183,25,19
184,A184,27,17
185,A185,71,14
186,A186,75,13
187,A187,71,12
188,A188,61,11
189,A189,57,14
190,A190,78,10
191,A191,79,8
192,A192,71,9
193,A193,51,7
194,A194,54,4
195,A195,57,1
196,A196,58,10
197,A197,59,12
198,A198,51,11
199,A199,22,19
200,A200,25,18
